{

  "table4cell1":"50",
  "table4cell2":"125",
  "table4cell3":"300",
  "table4cell4":"700",
  "table4cell5":"123",
  "table4cell6":"456",
  "table4cell7":"100",
  "table5cell1":"50",
  "table5cell2":"125",
  "table5cell3":"300",
  "table5cell4":"700",
  "table5cell5":"123",
  "table5cell6":"456",
  "table5cell7":"100",
  "table6cell1":"50",
  "table6cell2":"125",
  "table6cell3":"300",
  "table6cell4":"700",
  "table6cell5":"123",
  "table7cell1":"50",
  "table7cell2":"125",
  "table7cell3":"300",
  "table7cell4":"700",
  "table7cell5":"123",
  "table8cell1":"50",
  "table8cell2":"125",
  "table8cell3":"300"
}