{"table4cell1":"7","table4cell2":"65","table4cell3":"3","table4cell4":"3","table4cell5":"0","table4cell6":"2","table4cell7":"7","table5cell1":"70","table5cell2":"69","table5cell3":"40000","table5cell4":"60","table5cell5":"60","table5cell6":"30","table5cell7":"9513","table6cell1":"6.67","table6cell2":"1.2","table6cell3":"99.8","table6cell4":"99","table6cell5":"0.5","table7cell1":"256","table7cell2":"94","table7cell3":"57000","table7cell4":"3400","table7cell5":"57","table8cell1":"21","table8cell2":"6507","table8cell3":"2309"}